Row ID,Order ID,Order Date,Order Month,Order Year,Ship Date,Ship Mode,Customer ID,Customer Name,Country,City,State,Postal Code,Region,Product ID,Category,Sub-Category,Product Name,Sales,Quantity,Discount,Profit
1,DL-2016-152156,8/11/2016,8,2016,11/11/2016,Second Class,CG-12520,Claire Gute,India,Delhi,Delhi,110001,North,FUR-BO-10001798,Furniture,Bookcases,Bush Somerset Collection Bookcase,261.96,2,0,41.91
2,MP-2016-152156,8/11/2016,8,2016,11/11/2016,Second Class,CG-12520,Claire Gute,India,Bhopal,Madhya Pradesh,462001,Central,FUR-CH-10000454,Furniture,Chairs,"Hon Deluxe Fabric Upholstered Stacking Chairs, Rounded Back",731.94,3,0,219.58
3,KL-2016-138688,12/6/2016,12,2016,16-06-2016,Second Class,DV-13045,Darrin Van Huff,India,Kochi,Kerala,682001,South,OFF-LA-10000240,Office Supplies,Labels,Self-Adhesive Address Labels for Typewriters by Universal,14.62,2,0,6.87
4,AS-2015-108966,11/10/2015,11,2015,18-10-2015,Standard Class,SO-20335,Sean O'Donnell,India,Guwahati,Assam,781001,East,FUR-TA-10000577,Furniture,Tables,Bretford CR4500 Series Slim Rectangular Table,957.58,5,0.45,383.03
5,DL-2015-108966,11/10/2015,11,2015,18-10-2015,Standard Class,SO-20335,Sean O'Donnell,India,Delhi,Delhi,110001,North,OFF-ST-10000760,Office Supplies,Storage,Eldon Fold 'N Roll Cart System,22.37,2,0.2,2.52
6,KL-2014-115812,9/6/2014,9,2014,14-06-2014,Standard Class,BH-11710,Brosina Hoffman,India,Kochi,Kerala,682001,South,FUR-FU-10001487,Furniture,Furnishings,"Eldon Expressions Wood and Plastic Desk Accessories, Cherry Wood",48.86,7,0,14.17
7,RJ-2014-115812,9/6/2014,9,2014,14-06-2014,Standard Class,BH-11710,Brosina Hoffman,India,Jaipur,Rajasthan,302001,North,OFF-AR-10002833,Office Supplies,Art,Newell 322,7.28,4,0,1.97
8,MH-2014-115812,9/6/2014,9,2014,14-06-2014,Standard Class,BH-11710,Brosina Hoffman,India,Pune,Maharashtra,411001,West,TEC-PH-10002275,Technology,Phones,Mitel 5320 IP Phone VoIP phone,907.15,6,0.2,90.72
9,DL-2014-115812,9/6/2014,9,2014,14-06-2014,Standard Class,BH-11710,Brosina Hoffman,India,Delhi,Delhi,110001,North,OFF-BI-10003910,Office Supplies,Binders,DXL Angle-View Binders with Locking Rings by Samsill,18.5,3,0.2,5.78
10,CH-2014-115812,9/6/2014,9,2014,14-06-2014,Standard Class,BH-11710,Brosina Hoffman,India,Chandigarh,Chandigarh,160001,North,OFF-AP-10002892,Office Supplies,Appliances,Belkin F5C206VTEL 6 Outlet Surge,114.9,5,0,34.47
11,GJ-2014-115812,9/6/2014,9,2014,14-06-2014,Standard Class,BH-11710,Brosina Hoffman,India,Ahmedabad,Gujarat,380001,West,FUR-TA-10001539,Furniture,Tables,Chromcraft Rectangular Conference Tables,1706.18,9,0.2,85.31
12,TS-2014-115812,9/6/2014,9,2014,14-06-2014,Standard Class,BH-11710,Brosina Hoffman,India,Hyderabad,Telangana,500001,South,TEC-PH-10002033,Technology,Phones,Konftel 250 ConferenceĘphoneĘ- Charcoal black,911.42,4,0.2,68.36
13,WB-2017-114412,4/15/2017,4,2017,20-04-2017,Standard Class,AA-10480,Andrew Allen,India,Kolkata,West Bengal,700001,East,OFF-PA-10002365,Office Supplies,Paper,Xerox 1967,15.55,3,0.2,5.44
14,KA-2016-161389,5/12/2016,5,2016,10/12/2016,Standard Class,IM-15070,Irene Maddox,India,Bengaluru,Karnataka,560001,South,OFF-BI-10003656,Office Supplies,Binders,Fellowes PB200 Plastic Comb Binding Machine,407.98,3,0.2,132.59
15,KL-2015-118983,11/22/2015,11,2015,26-11-2015,Standard Class,HP-14815,Harold Pawlan,India,Kochi,Kerala,682001,South,OFF-AP-10002311,Office Supplies,Appliances,"Holmes Replacement Filter for HEPA Air Cleaner, Very Large Room, HEPA Filter",68.81,5,0.8,123.86
16,KA-2015-118983,11/22/2015,11,2015,26-11-2015,Standard Class,HP-14815,Harold Pawlan,India,Bengaluru,Karnataka,560001,South,OFF-BI-10000756,Office Supplies,Binders,Storex DuraTech Recycled Plastic Frosted Binders,2.54,3,0.8,-3.82
17,TN-2014-105893,11/11/2014,11,2014,18-11-2014,Standard Class,PK-19075,Pete Kriz,India,Chennai,Tamil Nadu,600001,South,OFF-ST-10004186,Office Supplies,Storage,"Stur-D-Stor Shelving, Vertical 5-Shelf: 72""H x 36""W x 18 1/2""D",665.88,6,0,13.32
18,DL-2014-167164,5/13/2014,5,2014,15-05-2014,Second Class,AG-10270,Alejandro Grove,India,Delhi,Delhi,110001,North,OFF-ST-10000107,Office Supplies,Storage,Fellowes Super Stor/Drawer,55.5,2,0,9.99
19,KA-2014-143336,8/27/2014,8,2014,1/9/2014,Second Class,ZD-21925,Zuschuss Donatelli,India,Bengaluru,Karnataka,560001,South,OFF-AR-10003056,Office Supplies,Art,Newell 341,8.56,2,0,2.48
20,GJ-2014-143336,8/27/2014,8,2014,1/9/2014,Second Class,ZD-21925,Zuschuss Donatelli,India,Ahmedabad,Gujarat,380001,West,TEC-PH-10001949,Technology,Phones,Cisco SPA 501G IP Phone,213.48,3,0.2,16.01
21,TS-2014-143336,8/27/2014,8,2014,1/9/2014,Second Class,ZD-21925,Zuschuss Donatelli,India,Hyderabad,Telangana,500001,South,OFF-BI-10002215,Office Supplies,Binders,"Wilson Jones Hanging View Binder, White, 1""",22.72,4,0.2,7.38
22,TN-2016-137330,9/12/2016,9,2016,13-12-2016,Standard Class,KB-16585,Ken Black,India,Chennai,Tamil Nadu,600001,South,OFF-AR-10000246,Office Supplies,Art,Newell 318,19.46,7,0,5.06
23,CH-2016-137330,9/12/2016,9,2016,13-12-2016,Standard Class,KB-16585,Ken Black,India,Chandigarh,Chandigarh,160001,North,OFF-AP-10001492,Office Supplies,Appliances,"Acco Six-Outlet Power Strip, 4' Cord Length",60.34,7,0,15.69
24,AS-2017-156909,7/16/2017,7,2017,18-07-2017,Second Class,SF-20065,Sandra Flanagan,India,Guwahati,Assam,781001,East,FUR-CH-10002774,Furniture,Chairs,"Global Deluxe Stacking Chair, Gray",71.37,2,0.3,-1.02
25,BR-2015-106320,9/25/2015,9,2015,30-09-2015,Standard Class,EB-13870,Emily Burns,India,Patna,Bihar,800001,East,FUR-TA-10000577,Furniture,Tables,Bretford CR4500 Series Slim Rectangular Table,1044.63,3,0,240.26
26,KL-2016-121755,1/16/2016,1,2016,20-01-2016,Second Class,EH-13945,Eric Hoffmann,India,Kochi,Kerala,682001,South,OFF-BI-10001634,Office Supplies,Binders,Wilson Jones Active Use Binders,11.65,2,0.2,4.22
27,MP-2016-121755,1/16/2016,1,2016,20-01-2016,Second Class,EH-13945,Eric Hoffmann,India,Bhopal,Madhya Pradesh,462001,Central,TEC-AC-10003027,Technology,Accessories,ImationĘ8GB Mini TravelDrive USB 2.0ĘFlash Drive,90.57,3,0,11.77
28,TS-2015-150630,9/17/2015,9,2015,21-09-2015,Standard Class,TB-21520,Tracy Blumstein,India,Hyderabad,Telangana,500001,South,FUR-BO-10004834,Furniture,Bookcases,"Riverside Palais Royal Lawyers Bookcase, Royale Cherry Finish",3083.43,7,0.5,1665.05
29,MP-2015-150630,9/17/2015,9,2015,21-09-2015,Standard Class,TB-21520,Tracy Blumstein,India,Bhopal,Madhya Pradesh,462001,Central,OFF-BI-10000474,Office Supplies,Binders,Avery Recycled Flexi-View Covers for Binding Systems,9.62,2,0.7,-7.05
30,MP-2015-150630,9/17/2015,9,2015,21-09-2015,Standard Class,TB-21520,Tracy Blumstein,India,Bhopal,Madhya Pradesh,462001,Central,FUR-FU-10004848,Furniture,Furnishings,"Howard Miller 13-3/4"" Diameter Brushed Chrome Round Wall Clock",124.2,3,0.2,15.53
31,KA-2015-150630,9/17/2015,9,2015,21-09-2015,Standard Class,TB-21520,Tracy Blumstein,India,Bengaluru,Karnataka,560001,South,OFF-EN-10001509,Office Supplies,Envelopes,Poly String Tie Envelopes,3.26,2,0.2,1.1
32,TS-2015-150630,9/17/2015,9,2015,21-09-2015,Standard Class,TB-21520,Tracy Blumstein,India,Hyderabad,Telangana,500001,South,OFF-AR-10004042,Office Supplies,Art,"BOSTON Model 1800 Electric Pencil Sharpeners, Putty/Woodgrain",86.3,6,0.2,9.71
33,DL-2015-150630,9/17/2015,9,2015,21-09-2015,Standard Class,TB-21520,Tracy Blumstein,India,Delhi,Delhi,110001,North,OFF-BI-10001525,Office Supplies,Binders,"Acco Pressboard Covers with Storage Hooks, 14 7/8"" x 11"", Executive Red",6.86,6,0.7,-5.72
34,RJ-2015-150630,9/17/2015,9,2015,21-09-2015,Standard Class,TB-21520,Tracy Blumstein,India,Jaipur,Rajasthan,302001,North,OFF-AR-10001683,Office Supplies,Art,Lumber Crayons,15.76,2,0.2,3.55
35,MH-2017-107727,10/19/2017,10,2017,23-10-2017,Second Class,MA-17560,Matt Abelman,India,Mumbai,Maharashtra,400001,West,OFF-PA-10000249,Office Supplies,Paper,Easy-staple paper,29.47,3,0.2,9.95
36,GJ-2016-117590,8/12/2016,8,2016,10/12/2016,First Class,GH-14485,Gene Hale,India,Ahmedabad,Gujarat,380001,West,TEC-PH-10004977,Technology,Phones,GE 30524EE4,1097.54,7,0.2,123.47
37,MH-2016-117590,8/12/2016,8,2016,10/12/2016,First Class,GH-14485,Gene Hale,India,Pune,Maharashtra,411001,West,FUR-FU-10003664,Furniture,Furnishings,"Electrix Architect's Clamp-On Swing Arm Lamp, Black",190.92,5,0.6,-147.96
38,RJ-2015-117415,12/27/2015,12,2015,31-12-2015,Standard Class,SN-20710,Steve Nguyen,India,Jaipur,Rajasthan,302001,North,OFF-EN-10002986,Office Supplies,Envelopes,"#10-4 1/8"" x 9 1/2"" Premium Diagonal Seam Envelopes",113.33,9,0.2,35.42
39,KA-2015-117415,12/27/2015,12,2015,31-12-2015,Standard Class,SN-20710,Steve Nguyen,India,Bengaluru,Karnataka,560001,South,FUR-BO-10002545,Furniture,Bookcases,"Atlantic Metals Mobile 3-Shelf Bookcases, Custom Colors",532.4,3,0.32,-46.98
40,UP-2015-117415,12/27/2015,12,2015,31-12-2015,Standard Class,SN-20710,Steve Nguyen,India,Lucknow,Uttar Pradesh,226001,North,FUR-CH-10004218,Furniture,Chairs,"Global Fabric Manager's Chair, Dark Gray",212.06,3,0.3,-15.15
41,UP-2015-117415,12/27/2015,12,2015,31-12-2015,Standard Class,SN-20710,Steve Nguyen,India,Lucknow,Uttar Pradesh,226001,North,TEC-PH-10000486,Technology,Phones,Plantronics HL10 Handset Lifter,371.17,4,0.2,41.76
42,MH-2017-120999,10/9/2017,10,2017,15-09-2017,Standard Class,LC-16930,Linda Cazamias,India,Mumbai,Maharashtra,400001,West,TEC-PH-10004093,Technology,Phones,Panasonic Kx-TS550,147.17,4,0.2,16.56
43,UP-2016-101343,7/17/2016,7,2016,22-07-2016,Standard Class,RA-19885,Ruben Ausman,India,Lucknow,Uttar Pradesh,226001,North,OFF-ST-10003479,Office Supplies,Storage,"Eldon Base for stackable storage shelf, platinum",77.88,2,0,3.89
44,KA-2017-139619,9/19/2017,9,2017,23-09-2017,Standard Class,ES-14080,Erin Smith,India,Bengaluru,Karnataka,560001,South,OFF-ST-10003282,Office Supplies,Storage,"Advantus 10-Drawer Portable Organizer, Chrome Metal Frame, Smoke Drawers",95.62,2,0.2,9.56
45,MH-2016-118255,11/3/2016,11,2016,13-03-2016,First Class,ON-18715,Odella Nelson,India,Mumbai,Maharashtra,400001,West,TEC-AC-10000171,Technology,Accessories,"Verbatim 25 GB 6x Blu-ray Single Layer Recordable Disc, 25/Pack",45.98,2,0,19.77
46,DL-2016-118255,11/3/2016,11,2016,13-03-2016,First Class,ON-18715,Odella Nelson,India,Delhi,Delhi,110001,North,OFF-BI-10003291,Office Supplies,Binders,Wilson Jones Leather-Like Binders with DublLock Round Rings,17.46,2,0,8.21
47,CH-2014-146703,10/20/2014,10,2014,25-10-2014,Second Class,PO-18865,Patrick O'Donnell,India,Chandigarh,Chandigarh,160001,North,OFF-ST-10001713,Office Supplies,Storage,"Gould Plastics 9-Pocket Panel Bin, 18-3/8w x 5-1/4d x 20-1/2h, Black",211.96,4,0,8.48
48,BR-2016-169194,6/20/2016,6,2016,25-06-2016,Standard Class,LH-16900,Lena Hernandez,India,Patna,Bihar,800001,East,TEC-AC-10002167,Technology,Accessories,ImationĘ8gb Micro Traveldrive Usb 2.0ĘFlash Drive,45,3,0,4.95
49,MH-2016-169194,6/20/2016,6,2016,25-06-2016,Standard Class,LH-16900,Lena Hernandez,India,Mumbai,Maharashtra,400001,West,TEC-PH-10003988,Technology,Phones,"LF Elite 3D Dazzle Designer Hard Case Cover, Lf Stylus Pen and Wiper For Apple Iphone 5c Mini Lite",21.8,2,0,6.1
50,BR-2015-115742,4/18/2015,4,2015,22-04-2015,Standard Class,DP-13000,Darren Powers,India,Patna,Bihar,800001,East,OFF-BI-10004410,Office Supplies,Binders,"C-Line Peel & Stick Add-On Filing Pockets, 8-3/4 x 5-1/8, 10/Pack",38.22,6,0,17.96
51,DL-2015-115742,4/18/2015,4,2015,22-04-2015,Standard Class,DP-13000,Darren Powers,India,Delhi,Delhi,110001,North,OFF-LA-10002762,Office Supplies,Labels,Avery 485,75.18,6,0,35.33
52,UP-2015-115742,4/18/2015,4,2015,22-04-2015,Standard Class,DP-13000,Darren Powers,India,Lucknow,Uttar Pradesh,226001,North,FUR-FU-10001706,Furniture,Furnishings,Longer-Life Soft White Bulbs,6.16,2,0,2.96
53,TN-2015-115742,4/18/2015,4,2015,22-04-2015,Standard Class,DP-13000,Darren Powers,India,Chennai,Tamil Nadu,600001,South,FUR-CH-10003061,Furniture,Chairs,"Global Leather Task Chair, Black",89.99,1,0,17.1
54,KL-2016-105816,11/12/2016,11,2016,17-12-2016,Standard Class,JM-15265,Janet Molinari,India,Kochi,Kerala,682001,South,OFF-FA-10000304,Office Supplies,Fasteners,Advantus Push Pins,15.26,7,0,6.26
55,TN-2016-105816,11/12/2016,11,2016,17-12-2016,Standard Class,JM-15265,Janet Molinari,India,Chennai,Tamil Nadu,600001,South,TEC-PH-10002447,Technology,Phones,AT&T CL83451 4-Handset Telephone,1029.95,5,0,298.69
56,UP-2016-111682,6/17/2016,6,2016,18-06-2016,First Class,TB-21055,Ted Butterfield,India,Lucknow,Uttar Pradesh,226001,North,OFF-ST-10000604,Office Supplies,Storage,Home/Office Personal File Carts,208.56,6,0,52.14
57,MH-2016-111682,6/17/2016,6,2016,18-06-2016,First Class,TB-21055,Ted Butterfield,India,Pune,Maharashtra,411001,West,OFF-PA-10001569,Office Supplies,Paper,Xerox 232,32.4,5,0,15.55
58,BR-2016-111682,6/17/2016,6,2016,18-06-2016,First Class,TB-21055,Ted Butterfield,India,Patna,Bihar,800001,East,FUR-CH-10003968,Furniture,Chairs,Novimex Turbo Task Chair,319.41,5,0.1,7.1
59,MH-2016-111682,6/17/2016,6,2016,18-06-2016,First Class,TB-21055,Ted Butterfield,India,Pune,Maharashtra,411001,West,OFF-PA-10000587,Office Supplies,Paper,"Array Parchment Paper, Assorted Colors",14.56,2,0,6.99
60,AS-2016-111682,6/17/2016,6,2016,18-06-2016,First Class,TB-21055,Ted Butterfield,India,Guwahati,Assam,781001,East,TEC-AC-10002167,Technology,Accessories,ImationĘ8gb Micro Traveldrive Usb 2.0ĘFlash Drive,30,2,0,3.3
61,MP-2016-111682,6/17/2016,6,2016,18-06-2016,First Class,TB-21055,Ted Butterfield,India,Bhopal,Madhya Pradesh,462001,Central,OFF-BI-10001460,Office Supplies,Binders,Plastic Binding Combs,48.48,4,0.2,16.36
62,MH-2016-111682,6/17/2016,6,2016,18-06-2016,First Class,TB-21055,Ted Butterfield,India,Mumbai,Maharashtra,400001,West,OFF-AR-10001868,Office Supplies,Art,Prang Dustless Chalk Sticks,1.68,1,0,0.84
63,TN-2015-135545,11/24/2015,11,2015,30-11-2015,Standard Class,KM-16720,Kunst Miller,India,Chennai,Tamil Nadu,600001,South,TEC-AC-10004633,Technology,Accessories,"Verbatim 25 GB 6x Blu-ray Single Layer Recordable Disc, 3/Pack",13.98,2,0,6.15
64,MH-2015-135545,11/24/2015,11,2015,30-11-2015,Standard Class,KM-16720,Kunst Miller,India,Mumbai,Maharashtra,400001,West,OFF-BI-10001078,Office Supplies,Binders,"Acco PRESSTEX Data Binder with Storage Hooks, Dark Blue, 14 7/8"" X 11""",25.82,6,0.2,9.36
65,AS-2015-135545,11/24/2015,11,2015,30-11-2015,Standard Class,KM-16720,Kunst Miller,India,Guwahati,Assam,781001,East,OFF-PA-10003892,Office Supplies,Paper,Xerox 1943,146.73,3,0,68.96
66,KL-2015-135545,11/24/2015,11,2015,30-11-2015,Standard Class,KM-16720,Kunst Miller,India,Kochi,Kerala,682001,South,FUR-FU-10000397,Furniture,Furnishings,Luxo Economy Swing Arm Lamp,79.76,4,0,22.33
67,DL-2015-164175,4/30/2015,4,2015,42129,Standard Class,PS-18970,Paul Stevenson,India,Delhi,Delhi,110001,North,FUR-CH-10001146,Furniture,Chairs,"Global Value Mid-Back Manager's Chair, Gray",213.12,5,0.3,-15.22
68,DL-2014-106376,5/12/2014,5,2014,10/12/2014,Standard Class,BS-11590,Brendan Sweed,India,Delhi,Delhi,110001,North,OFF-AR-10002671,Office Supplies,Art,"Hunt BOSTON Model 1606 High-Volume Electric Pencil Sharpener, Beige",1113.02,8,0.2,111.3
69,AS-2014-106376,5/12/2014,5,2014,10/12/2014,Standard Class,BS-11590,Brendan Sweed,India,Guwahati,Assam,781001,East,TEC-PH-10002726,Technology,Phones,netTALK DUO VoIP Telephone Service,167.97,4,0.2,62.99
70,RJ-2016-119823,4/6/2016,4,2016,6/6/2016,First Class,KD-16270,Karen Daniels,India,Jaipur,Rajasthan,302001,North,OFF-PA-10000482,Office Supplies,Paper,"Snap-A-Way Black Print Carbonless Ruled Speed Letter, Triplicate",75.88,2,0,35.66
71,TS-2016-106075,9/18/2016,9,2016,23-09-2016,Standard Class,HM-14980,Henry MacAllister,India,Hyderabad,Telangana,500001,South,OFF-BI-10004654,Office Supplies,Binders,Avery Binding System Hidden Tab Executive Style Index Sets,4.62,1,0.2,1.73
72,RJ-2017-114440,9/14/2017,9,2017,17-09-2017,Second Class,TB-21520,Tracy Blumstein,India,Jaipur,Rajasthan,302001,North,OFF-PA-10004675,Office Supplies,Paper,"Telephone Message Books with Fax/Mobile Section, 5 1/2"" x 3 3/16""",19.05,3,0,8.76
73,UP-2015-134026,4/26/2015,4,2015,42040,Standard Class,JE-15745,Joel Eaton,India,Lucknow,Uttar Pradesh,226001,North,FUR-CH-10000513,Furniture,Chairs,High-Back Leather Manager's Chair,831.94,8,0.2,114.39
74,KL-2015-134026,4/26/2015,4,2015,42040,Standard Class,JE-15745,Joel Eaton,India,Kochi,Kerala,682001,South,FUR-FU-10003708,Furniture,Furnishings,"Tenex Traditional Chairmats for Medium Pile Carpet, Standard Lip, 36"" x 48""",97.04,2,0.2,1.21
75,WB-2015-134026,4/26/2015,4,2015,42040,Standard Class,JE-15745,Joel Eaton,India,Kolkata,West Bengal,700001,East,OFF-ST-10004123,Office Supplies,Storage,Safco Industrial Wire Shelving System,72.78,1,0.2,-18.2
76,AS-2017-118038,9/12/2017,9,2017,11/12/2017,First Class,KB-16600,Ken Brennan,India,Guwahati,Assam,781001,East,OFF-BI-10004182,Office Supplies,Binders,Economy Binders,1.25,3,0.8,-1.93
77,MH-2017-118038,9/12/2017,9,2017,11/12/2017,First Class,KB-16600,Ken Brennan,India,Mumbai,Maharashtra,400001,West,FUR-FU-10000260,Furniture,Furnishings,"6"" Cubicle Wall Clock, Black",9.71,3,0.6,-5.82
78,AS-2017-118038,9/12/2017,9,2017,11/12/2017,First Class,KB-16600,Ken Brennan,India,Guwahati,Assam,781001,East,OFF-ST-10000615,Office Supplies,Storage,"SimpliFile Personal File, Black Granite, 15w x 6-15/16d x 11-1/4h",27.24,3,0.2,2.72
79,AS-2014-147606,11/26/2014,11,2014,41651,Second Class,JE-15745,Joel Eaton,India,Guwahati,Assam,781001,East,FUR-FU-10003194,Furniture,Furnishings,"Eldon Expressions Desk Accessory, Wood Pencil Holder, Oak",19.3,5,0.6,-14.48
80,TS-2016-127208,12/6/2016,12,2016,15-06-2016,First Class,SC-20770,Stewart Carmichael,India,Hyderabad,Telangana,500001,South,OFF-AP-10002118,Office Supplies,Appliances,"1.7 Cubic Foot Compact ""Cube"" Office Refrigerators",208.16,1,0,56.2
81,GJ-2016-127208,12/6/2016,12,2016,15-06-2016,First Class,SC-20770,Stewart Carmichael,India,Ahmedabad,Gujarat,380001,West,OFF-BI-10002309,Office Supplies,Binders,Avery Heavy-Duty EZD  Binder With Locking Rings,16.74,3,0,8.04
82,GJ-2014-139451,12/10/2014,12,2014,16-10-2014,Standard Class,DN-13690,Duane Noonan,India,Ahmedabad,Gujarat,380001,West,OFF-AR-10002053,Office Supplies,Art,"Premium Writing Pencils, Soft, #2 by Central Association for the Blind",14.9,5,0,4.17
83,GJ-2014-139451,12/10/2014,12,2014,16-10-2014,Standard Class,DN-13690,Duane Noonan,India,Ahmedabad,Gujarat,380001,West,OFF-ST-10002370,Office Supplies,Storage,"Sortfiler Multipurpose Personal File Organizer, Black",21.39,1,0,6.2
84,MP-2015-149734,3/9/2015,3,2015,8/9/2015,Standard Class,JC-16105,Julie Creighton,India,Bhopal,Madhya Pradesh,462001,Central,OFF-EN-10000927,Office Supplies,Envelopes,Jet-Pak Recycled Peel 'N' Seal Padded Mailers,200.98,7,0.2,62.81
85,AS-2017-119662,11/13/2017,11,2017,16-11-2017,First Class,CS-12400,Christopher Schild,India,Guwahati,Assam,781001,East,OFF-ST-10003656,Office Supplies,Storage,Safco Industrial Wire Shelving,230.38,3,0.2,-48.95
86,DL-2017-140088,5/28/2017,5,2017,30-05-2017,Second Class,PO-18865,Patrick O'Donnell,India,Delhi,Delhi,110001,North,FUR-CH-10000863,Furniture,Chairs,Novimex Swivel Fabric Task Chair,301.96,2,0,33.22
87,KA-2017-155558,10/26/2017,10,2017,42777,Standard Class,PG-18895,Paul Gonzalez,India,Bengaluru,Karnataka,560001,South,TEC-AC-10001998,Technology,Accessories,LogitechĘLS21 Speaker System - PC Multimedia - 2.1-CH - Wired,19.99,1,0,6.8
88,TS-2017-155558,10/26/2017,10,2017,42777,Standard Class,PG-18895,Paul Gonzalez,India,Hyderabad,Telangana,500001,South,OFF-LA-10000134,Office Supplies,Labels,Avery 511,6.16,2,0,2.96
89,DL-2016-159695,5/4/2016,5,2016,10/4/2016,Second Class,GM-14455,Gary Mitchum,India,Delhi,Delhi,110001,North,OFF-ST-10003442,Office Supplies,Storage,Eldon Portable Mobile Manager,158.37,7,0.2,13.86
90,CH-2016-109806,9/17/2016,9,2016,22-09-2016,Standard Class,JS-15685,Jim Sink,India,Chandigarh,Chandigarh,160001,North,OFF-AR-10004930,Office Supplies,Art,Turquoise Lead Holder with Pocket Clip,20.1,3,0,6.63
91,CH-2016-109806,9/17/2016,9,2016,22-09-2016,Standard Class,JS-15685,Jim Sink,India,Chandigarh,Chandigarh,160001,North,TEC-PH-10004093,Technology,Phones,Panasonic Kx-TS550,73.58,2,0.2,8.28
92,RJ-2016-109806,9/17/2016,9,2016,22-09-2016,Standard Class,JS-15685,Jim Sink,India,Jaipur,Rajasthan,302001,North,OFF-PA-10000304,Office Supplies,Paper,Xerox 1995,6.48,1,0,3.11
93,UP-2015-149587,1/31/2015,1,2015,42126,Second Class,KB-16315,Karl Braun,India,Lucknow,Uttar Pradesh,226001,North,OFF-PA-10003177,Office Supplies,Paper,Xerox 1999,12.96,2,0,6.22
94,AS-2015-149587,1/31/2015,1,2015,42126,Second Class,KB-16315,Karl Braun,India,Guwahati,Assam,781001,East,FUR-FU-10003799,Furniture,Furnishings,"Seth Thomas 13 1/2"" Wall Clock",53.34,3,0,16.54
95,TS-2015-149587,1/31/2015,1,2015,42126,Second Class,KB-16315,Karl Braun,India,Hyderabad,Telangana,500001,South,OFF-BI-10002852,Office Supplies,Binders,Ibico Standard Transparent Covers,32.96,2,0,16.15
96,CH-2017-109484,6/11/2017,6,2017,12/11/2017,Standard Class,RB-19705,Roger Barcio,India,Chandigarh,Chandigarh,160001,North,OFF-BI-10004738,Office Supplies,Binders,Flexible Leather- Look Classic Collection Ring Binder,5.68,1,0.7,-3.79
97,BR-2017-161018,9/11/2017,9,2017,11/11/2017,Second Class,PN-18775,Parhena Norris,India,Patna,Bihar,800001,East,FUR-FU-10000629,Furniture,Furnishings,9-3/4 Diameter Round Wall Clock,96.53,7,0,40.54
98,BR-2017-157833,6/17/2017,6,2017,20-06-2017,First Class,KD-16345,Katherine Ducich,India,Patna,Bihar,800001,East,OFF-BI-10001721,Office Supplies,Binders,Trimflex Flexible Post Binders,51.31,3,0.2,17.96
99,DL-2016-149223,6/9/2016,6,2016,11/9/2016,Standard Class,ER-13855,Elpida Rittenbach,India,Delhi,Delhi,110001,North,OFF-AP-10000358,Office Supplies,Appliances,Fellowes Basic Home/Office Series Surge Protectors,77.88,6,0,22.59
100,UP-2016-158568,8/29/2016,8,2016,42409,Standard Class,RB-19465,Rick Bensley,India,Lucknow,Uttar Pradesh,226001,North,OFF-PA-10003256,Office Supplies,Paper,Avery Personal Creations Heavyweight Cards,64.62,7,0.2,22.62
101,UP-2016-158568,8/29/2016,8,2016,42409,Standard Class,RB-19465,Rick Bensley,India,Lucknow,Uttar Pradesh,226001,North,TEC-AC-10001767,Technology,Accessories,SanDisk Ultra 64 GB MicroSDHC Class 10 Memory Card,95.98,3,0.2,-10.8
102,MH-2016-158568,8/29/2016,8,2016,42409,Standard Class,RB-19465,Rick Bensley,India,Mumbai,Maharashtra,400001,West,OFF-BI-10002609,Office Supplies,Binders,Avery Hidden Tab Dividers for Binding Systems,1.79,3,0.8,-3.04
103,GJ-2016-129903,1/12/2016,1,2016,4/12/2016,Second Class,GZ-14470,Gary Zandusky,India,Ahmedabad,Gujarat,380001,West,OFF-PA-10004040,Office Supplies,Paper,Universal Premium White Copier/Laser Paper (20Lb. and 87 Bright),23.92,4,0,11.72
104,DL-2015-156867,11/13/2015,11,2015,17-11-2015,Standard Class,LC-16870,Lena Cacioppo,India,Delhi,Delhi,110001,North,TEC-AC-10001552,Technology,Accessories,Logitech K350 2.4Ghz Wireless Keyboard,238.9,6,0.2,-26.88
105,KL-2015-156867,11/13/2015,11,2015,17-11-2015,Standard Class,LC-16870,Lena Cacioppo,India,Kochi,Kerala,682001,South,FUR-FU-10004006,Furniture,Furnishings,"Deflect-o DuraMat Lighweight, Studded, Beveled Mat for Low Pile Carpeting",102.36,3,0.2,-3.84
106,GJ-2015-156867,11/13/2015,11,2015,17-11-2015,Standard Class,LC-16870,Lena Cacioppo,India,Ahmedabad,Gujarat,380001,West,OFF-BI-10002794,Office Supplies,Binders,"Avery Trapezoid Ring Binder, 3"" Capacity, Black, 1040 sheets",36.88,3,0.7,-25.82
107,MH-2017-119004,11/23/2017,11,2017,28-11-2017,Standard Class,JM-15250,Janet Martin,India,Pune,Maharashtra,411001,West,TEC-AC-10003499,Technology,Accessories,Memorex Mini Travel Drive 8 GB USB 2.0 Flash Drive,74.11,8,0.2,17.6
108,RJ-2017-119004,11/23/2017,11,2017,28-11-2017,Standard Class,JM-15250,Janet Martin,India,Jaipur,Rajasthan,302001,North,TEC-PH-10002844,Technology,Phones,Speck Products Candyshell Flip Case,27.99,1,0.2,2.1
109,TN-2017-119004,11/23/2017,11,2017,28-11-2017,Standard Class,JM-15250,Janet Martin,India,Chennai,Tamil Nadu,600001,South,OFF-AR-10000390,Office Supplies,Art,Newell Chalk Holder,3.3,1,0.2,1.07
110,BR-2015-129476,10/15/2015,10,2015,20-10-2015,Standard Class,PA-19060,Pete Armstrong,India,Patna,Bihar,800001,East,TEC-AC-10000844,Technology,Accessories,LogitechĘGaming G510s - Keyboard,339.96,5,0.2,67.99
111,RJ-2017-146780,12/25/2017,12,2017,30-12-2017,Standard Class,CV-12805,Cynthia Voltz,India,Jaipur,Rajasthan,302001,North,FUR-FU-10001934,Furniture,Furnishings,Magnifier Swing Arm Lamp,41.96,2,0,10.91
112,MH-2016-128867,3/11/2016,3,2016,10/11/2016,Standard Class,CL-12565,Clay Ludtke,India,Pune,Maharashtra,411001,West,OFF-AR-10000380,Office Supplies,Art,"Hunt PowerHouse Electric Pencil Sharpener, Blue",75.96,2,0,22.79
113,CH-2016-128867,3/11/2016,3,2016,10/11/2016,Standard Class,CL-12565,Clay Ludtke,India,Chandigarh,Chandigarh,160001,North,OFF-BI-10003981,Office Supplies,Binders,"Avery Durable Plastic 1"" Binders",27.24,6,0,13.35
114,WB-2014-115259,8/25/2014,8,2014,27-08-2014,Second Class,RC-19960,Ryan Crowe,India,Kolkata,West Bengal,700001,East,OFF-FA-10000621,Office Supplies,Fasteners,"OIC Colored Binder Clips, Assorted Sizes",40.1,14,0.2,14.53
115,UP-2014-115259,8/25/2014,8,2014,27-08-2014,Second Class,RC-19960,Ryan Crowe,India,Lucknow,Uttar Pradesh,226001,North,OFF-EN-10002600,Office Supplies,Envelopes,"Redi-Strip #10 Envelopes, 4 1/8 x 9 1/2",4.72,2,0.2,1.65
116,CH-2014-115259,8/25/2014,8,2014,27-08-2014,Second Class,RC-19960,Ryan Crowe,India,Chandigarh,Chandigarh,160001,North,OFF-PA-10004965,Office Supplies,Paper,Xerox 1921,23.98,3,0.2,7.49
117,UP-2014-115259,8/25/2014,8,2014,27-08-2014,Second Class,RC-19960,Ryan Crowe,India,Lucknow,Uttar Pradesh,226001,North,OFF-EN-10002504,Office Supplies,Envelopes,"Tyvek  Top-Opening Peel & Seel Envelopes, Plain White",130.46,6,0.2,44.03
118,DL-2015-110457,2/3/2015,2,2015,6/3/2015,Standard Class,DK-13090,Dave Kipp,India,Delhi,Delhi,110001,North,FUR-TA-10001768,Furniture,Tables,Hon Racetrack Conference Tables,787.53,3,0,165.38
119,RJ-2015-136476,5/4/2015,5,2015,10/4/2015,Standard Class,GG-14650,Greg Guthrie,India,Jaipur,Rajasthan,302001,North,OFF-BI-10003650,Office Supplies,Binders,GBC DocuBind 300 Electric Binding Machine,157.79,1,0.7,-115.72
120,WB-2016-103730,12/6/2016,12,2016,15-06-2016,First Class,SC-20725,Steven Cartwright,India,Kolkata,West Bengal,700001,East,FUR-FU-10002157,Furniture,Furnishings,Artistic Insta-Plaque,47.04,3,0,18.35
121,UP-2016-103730,12/6/2016,12,2016,15-06-2016,First Class,SC-20725,Steven Cartwright,India,Lucknow,Uttar Pradesh,226001,North,OFF-BI-10003910,Office Supplies,Binders,DXL Angle-View Binders with Locking Rings by Samsill,30.84,4,0,13.88
122,WB-2016-103730,12/6/2016,12,2016,15-06-2016,First Class,SC-20725,Steven Cartwright,India,Kolkata,West Bengal,700001,East,OFF-ST-10000777,Office Supplies,Storage,"Companion Letter/Legal File, Black",226.56,6,0,63.44
123,WB-2016-103730,12/6/2016,12,2016,15-06-2016,First Class,SC-20725,Steven Cartwright,India,Kolkata,West Bengal,700001,East,OFF-EN-10002500,Office Supplies,Envelopes,Globe Weis Peel & Seel First Class Envelopes,115.02,9,0,51.76
124,GJ-2016-103730,12/6/2016,12,2016,15-06-2016,First Class,SC-20725,Steven Cartwright,India,Ahmedabad,Gujarat,380001,West,TEC-PH-10003875,Technology,Phones,KLD Oscar II Style Snap-on Ultra Thin Side Flip Synthetic Leather Cover Case for HTC One HTC M7,68.04,7,0,19.73
125,KL-2014-152030,12/26/2014,12,2014,28-12-2014,Second Class,AD-10180,Alan Dominguez,India,Kochi,Kerala,682001,South,FUR-CH-10004063,Furniture,Chairs,Global Deluxe High-Back Manager's Chair,600.56,3,0.3,-8.58
126,CH-2014-134614,9/20/2014,9,2014,25-09-2014,Standard Class,PF-19165,Philip Fox,India,Chandigarh,Chandigarh,160001,North,FUR-TA-10004534,Furniture,Tables,Bevis 44 x 96 Conference Tables,617.7,6,0.5,407.68
127,GJ-2017-107272,5/11/2017,5,2017,12/11/2017,Standard Class,TS-21610,Troy Staebel,India,Ahmedabad,Gujarat,380001,West,OFF-BI-10003274,Office Supplies,Binders,"Avery Durable Slant Ring Binders, No Labels",2.39,2,0.7,-1.83
128,AS-2017-107272,5/11/2017,5,2017,12/11/2017,Standard Class,TS-21610,Troy Staebel,India,Guwahati,Assam,781001,East,OFF-ST-10002974,Office Supplies,Storage,"Trav-L-File Heavy-Duty Shuttle II, Black",243.99,7,0.2,30.5
129,WB-2016-125969,6/11/2016,6,2016,10/11/2016,Second Class,LS-16975,Lindsay Shagiari,India,Kolkata,West Bengal,700001,East,FUR-CH-10001146,Furniture,Chairs,"Global Task Chair, Black",81.42,2,0.2,-9.16
130,KA-2016-125969,6/11/2016,6,2016,10/11/2016,Second Class,LS-16975,Lindsay Shagiari,India,Bengaluru,Karnataka,560001,South,FUR-FU-10003773,Furniture,Furnishings,Eldon Cleatmat Plus Chair Mats for High Pile Carpets,238.56,3,0,26.24
131,BR-2017-164147,2/2/2017,2,2017,5/2/2017,First Class,DW-13585,Dorothy Wardle,India,Patna,Bihar,800001,East,TEC-PH-10002293,Technology,Phones,Anker 36W 4-Port USB Wall Charger Travel Power Adapter for iPhone 5s 5c 5,59.97,5,0.4,-11.99
132,KA-2017-164147,2/2/2017,2,2017,5/2/2017,First Class,DW-13585,Dorothy Wardle,India,Bengaluru,Karnataka,560001,South,OFF-PA-10002377,Office Supplies,Paper,Xerox 1916,78.3,2,0.2,29.36
133,WB-2017-164147,2/2/2017,2,2017,5/2/2017,First Class,DW-13585,Dorothy Wardle,India,Kolkata,West Bengal,700001,East,OFF-FA-10002780,Office Supplies,Fasteners,Staples,21.46,9,0.2,6.97
134,MP-2016-145583,10/13/2016,10,2016,19-10-2016,Standard Class,LC-16885,Lena Creighton,India,Bhopal,Madhya Pradesh,462001,Central,OFF-PA-10001804,Office Supplies,Paper,Xerox 195,20.04,3,0,9.62
135,AS-2016-145583,10/13/2016,10,2016,19-10-2016,Standard Class,LC-16885,Lena Creighton,India,Guwahati,Assam,781001,East,OFF-PA-10001736,Office Supplies,Paper,Xerox 1880,35.44,1,0,16.66
136,MH-2016-145583,10/13/2016,10,2016,19-10-2016,Standard Class,LC-16885,Lena Creighton,India,Mumbai,Maharashtra,400001,West,OFF-AR-10001149,Office Supplies,Art,"Sanford Colorific Colored Pencils, 12/Box",11.52,4,0,3.46
137,AS-2016-145583,10/13/2016,10,2016,19-10-2016,Standard Class,LC-16885,Lena Creighton,India,Guwahati,Assam,781001,East,OFF-FA-10002988,Office Supplies,Fasteners,Ideal Clamps,4.02,2,0,1.97
138,DL-2016-145583,10/13/2016,10,2016,19-10-2016,Standard Class,LC-16885,Lena Creighton,India,Delhi,Delhi,110001,North,OFF-BI-10004781,Office Supplies,Binders,GBC Wire Binding Strips,76.18,3,0.2,26.66
139,TN-2016-145583,10/13/2016,10,2016,19-10-2016,Standard Class,LC-16885,Lena Creighton,India,Chennai,Tamil Nadu,600001,South,OFF-SU-10001218,Office Supplies,Supplies,Fiskars Softgrip Scissors,65.88,6,0,18.45
140,KA-2016-145583,10/13/2016,10,2016,19-10-2016,Standard Class,LC-16885,Lena Creighton,India,Bengaluru,Karnataka,560001,South,FUR-FU-10001706,Furniture,Furnishings,Longer-Life Soft White Bulbs,43.12,14,0,20.7
141,MH-2016-110366,5/9/2016,5,2016,7/9/2016,Second Class,JD-15895,Jonathan Doherty,India,Mumbai,Maharashtra,400001,West,FUR-FU-10004848,Furniture,Furnishings,"Howard Miller 13-3/4"" Diameter Brushed Chrome Round Wall Clock",82.8,2,0.2,10.35
142,KL-2017-106180,9/18/2017,9,2017,23-09-2017,Standard Class,SH-19975,Sally Hughsby,India,Kochi,Kerala,682001,South,OFF-AR-10000940,Office Supplies,Art,Newell 343,8.82,3,0,2.38
143,GJ-2017-106180,9/18/2017,9,2017,23-09-2017,Standard Class,SH-19975,Sally Hughsby,India,Ahmedabad,Gujarat,380001,West,OFF-EN-10004030,Office Supplies,Envelopes,Convenience Packs of Business Envelopes,10.86,3,0,5.1
144,TS-2017-106180,9/18/2017,9,2017,23-09-2017,Standard Class,SH-19975,Sally Hughsby,India,Hyderabad,Telangana,500001,South,OFF-PA-10004327,Office Supplies,Paper,Xerox 1911,143.7,3,0,68.98
145,MH-2017-155376,12/22/2017,12,2017,27-12-2017,Standard Class,SG-20080,Sandra Glassco,India,Mumbai,Maharashtra,400001,West,OFF-AP-10001058,Office Supplies,Appliances,Sanyo 2.5 Cubic Foot Mid-Size Office Refrigerators,839.43,3,0,218.25
146,GJ-2015-110744,7/9/2015,7,2015,12/9/2015,Standard Class,HA-14920,Helen Andreada,India,Ahmedabad,Gujarat,380001,West,OFF-ST-10003656,Office Supplies,Storage,Safco Industrial Wire Shelving,671.93,7,0,20.16
147,TS-2014-110072,10/22/2014,10,2014,28-10-2014,Standard Class,MG-17680,Maureen Gastineau,India,Hyderabad,Telangana,500001,South,FUR-FU-10000521,Furniture,Furnishings,"Seth Thomas 14"" Putty-Colored Wall Clock",93.89,4,0.2,12.91
148,UP-2016-114489,5/12/2016,5,2016,9/12/2016,Standard Class,JE-16165,Justin Ellison,India,Lucknow,Uttar Pradesh,226001,North,TEC-PH-10000215,Technology,Phones,Plantronics CordlessĘPhone HeadsetĘwith In-line Volume - M214C,384.45,11,0,103.8
149,AS-2016-114489,5/12/2016,5,2016,9/12/2016,Standard Class,JE-16165,Justin Ellison,India,Guwahati,Assam,781001,East,TEC-PH-10001448,Technology,Phones,Anker Astro 15000mAh USB Portable Charger,149.97,3,0,6
150,GJ-2016-114489,5/12/2016,5,2016,9/12/2016,Standard Class,JE-16165,Justin Ellison,India,Ahmedabad,Gujarat,380001,West,FUR-CH-10000454,Furniture,Chairs,"Hon Deluxe Fabric Upholstered Stacking Chairs, Rounded Back",1951.84,8,0,585.55
151,DL-2016-114489,5/12/2016,5,2016,9/12/2016,Standard Class,JE-16165,Justin Ellison,India,Delhi,Delhi,110001,North,OFF-BI-10002735,Office Supplies,Binders,GBC Prestige Therm-A-Bind Covers,171.55,5,0,80.63
152,WB-2016-158834,3/13/2016,3,2016,16-03-2016,First Class,TW-21025,Tamara Willingham,India,Kolkata,West Bengal,700001,East,OFF-AP-10000326,Office Supplies,Appliances,Belkin 7 Outlet SurgeMaster Surge Protector with Phone Protection,157.92,5,0.2,17.77
153,MH-2016-158834,3/13/2016,3,2016,16-03-2016,First Class,TW-21025,Tamara Willingham,India,Pune,Maharashtra,411001,West,TEC-PH-10001254,Technology,Phones,Jabra BIZ 2300 Duo QD Duo CordedĘHeadset,203.18,2,0.2,15.24
154,KA-2015-124919,5/31/2015,5,2015,42041,First Class,SP-20650,Stephanie Phelps,India,Bengaluru,Karnataka,560001,South,OFF-PA-10001950,Office Supplies,Paper,Southworth 25% Cotton Antique Laid Paper & Envelopes,58.38,7,0,26.27
155,AS-2015-124919,5/31/2015,5,2015,42041,First Class,SP-20650,Stephanie Phelps,India,Guwahati,Assam,781001,East,OFF-PA-10002254,Office Supplies,Paper,Xerox 1883,105.52,4,0,48.54
156,MH-2015-124919,5/31/2015,5,2015,42041,First Class,SP-20650,Stephanie Phelps,India,Mumbai,Maharashtra,400001,West,OFF-ST-10001590,Office Supplies,Storage,"Tenex Personal Project File with Scoop Front Design, Black",80.88,6,0,21.03
157,GJ-2015-118948,5/28/2015,5,2015,42069,Standard Class,NK-18490,Neil Knudson,India,Ahmedabad,Gujarat,380001,West,OFF-AR-10001547,Office Supplies,Art,Newell 311,6.63,3,0,1.79
158,UP-2014-104269,1/3/2014,1,2014,6/3/2014,Second Class,DB-13060,Dave Brooks,India,Lucknow,Uttar Pradesh,226001,North,FUR-CH-10004063,Furniture,Chairs,Global Deluxe High-Back Manager's Chair,457.57,2,0.2,51.48
159,KL-2016-114104,3/13/2016,3,2016,24-11-2016,Standard Class,NP-18670,Nora Paige,India,Kochi,Kerala,682001,South,OFF-LA-10002475,Office Supplies,Labels,Avery 519,14.62,2,0,6.87
160,MH-2016-114104,3/13/2016,3,2016,24-11-2016,Standard Class,NP-18670,Nora Paige,India,Mumbai,Maharashtra,400001,West,TEC-PH-10004536,Technology,Phones,Avaya 5420 Digital phone,944.93,7,0,236.23
161,KL-2016-162733,5/31/2015,5,2015,12/5/2016,First Class,TT-21070,Ted Trevino,India,Kochi,Kerala,682001,South,OFF-PA-10002751,Office Supplies,Paper,Xerox 1920,5.98,1,0,2.69
162,KL-2015-119697,5/31/2015,5,2015,31-12-2015,Second Class,EM-13960,Eric Murdock,India,Kochi,Kerala,682001,South,TEC-AC-10003657,Technology,Accessories,Lenovo 17-Key USB Numeric Keypad,54.38,2,0.2,1.36
163,WB-2016-154508,5/31/2015,5,2015,20-11-2016,Standard Class,RD-19900,Ruben Dartt,India,Kolkata,West Bengal,700001,East,OFF-EN-10001990,Office Supplies,Envelopes,Staple envelope,28.4,5,0,13.35
164,TN-2016-113817,5/28/2015,5,2015,11/11/2016,Standard Class,MJ-17740,Max Jones,India,Chennai,Tamil Nadu,600001,South,OFF-BI-10004002,Office Supplies,Binders,Wilson Jones International Size A4 Ring Binders,27.68,2,0.2,9.69
165,UP-2014-139892,8/9/2014,8,2014,12/9/2014,Standard Class,BM-11140,Becky Martin,India,Lucknow,Uttar Pradesh,226001,North,OFF-AR-10004441,Office Supplies,Art,BIC Brite Liner Highlighters,9.94,3,0.2,2.73
166,MP-2014-139892,8/9/2014,8,2014,12/9/2014,Standard Class,BM-11140,Becky Martin,India,Bhopal,Madhya Pradesh,462001,Central,TEC-MA-10000822,Technology,Machines,Lexmark MX611dhe Monochrome Laser Printer,8159.95,8,0.4,1359.99
167,MH-2014-139892,8/9/2014,8,2014,12/9/2014,Standard Class,BM-11140,Becky Martin,India,Mumbai,Maharashtra,400001,West,OFF-ST-10000991,Office Supplies,Storage,Space Solutions HD Industrial Steel Shelving.,275.93,3,0.2,-58.63
168,WB-2014-139892,8/9/2014,8,2014,12/9/2014,Standard Class,BM-11140,Becky Martin,India,Kolkata,West Bengal,700001,East,FUR-CH-10004287,Furniture,Chairs,SAFCO Arco Folding Chair,1740.06,9,0.3,-24.86
169,MH-2014-139892,8/9/2014,8,2014,12/9/2014,Standard Class,BM-11140,Becky Martin,India,Mumbai,Maharashtra,400001,West,OFF-AR-10002656,Office Supplies,Art,Sanford Liquid Accent Highlighters,32.06,6,0.2,6.81
170,DL-2014-139892,8/9/2014,8,2014,12/9/2014,Standard Class,BM-11140,Becky Martin,India,Delhi,Delhi,110001,North,OFF-AP-10002518,Office Supplies,Appliances,Kensington 7 Outlet MasterPiece Power Center,177.98,5,0.8,453.85
171,RJ-2014-139892,8/9/2014,8,2014,12/9/2014,Standard Class,BM-11140,Becky Martin,India,Jaipur,Rajasthan,302001,North,TEC-PH-10003931,Technology,Phones,JBL Micro Wireless Portable Bluetooth Speaker,143.98,3,0.2,9
172,KA-2014-118962,5/8/2014,5,2014,9/8/2014,Standard Class,CS-12130,Chad Sievert,India,Bengaluru,Karnataka,560001,South,OFF-PA-10000659,Office Supplies,Paper,"Adams Phone Message Book, Professional, 400 Message Capacity, 5 3/6” x 11”",20.94,3,0,9.84
173,KL-2014-118962,5/8/2014,5,2014,9/8/2014,Standard Class,CS-12130,Chad Sievert,India,Kochi,Kerala,682001,South,OFF-PA-10001144,Office Supplies,Paper,Xerox 1913,110.96,2,0,53.26
174,KA-2014-118962,5/8/2014,5,2014,9/8/2014,Standard Class,CS-12130,Chad Sievert,India,Bengaluru,Karnataka,560001,South,FUR-CH-10003817,Furniture,Chairs,"Global Value Steno Chair, Gray",340.14,7,0.2,21.26
175,KL-2014-100853,9/14/2014,9,2014,19-09-2014,Standard Class,JB-15400,Jennifer Braxton,India,Kochi,Kerala,682001,South,OFF-AP-10000891,Office Supplies,Appliances,Kensington 7 Outlet MasterPiece HOMEOFFICE Power Control Center,52.45,2,0.8,-131.12
176,CH-2014-100853,9/14/2014,9,2014,19-09-2014,Standard Class,JB-15400,Jennifer Braxton,India,Chandigarh,Chandigarh,160001,North,OFF-LA-10003148,Office Supplies,Labels,Avery 51,20.16,4,0.2,6.55
177,KA-2017-152366,4/21/2017,4,2017,25-04-2017,Second Class,SJ-20500,Shirley Jackson,India,Bengaluru,Karnataka,560001,South,OFF-AP-10002684,Office Supplies,Appliances,"Acco 7-Outlet Masterpiece Power Center, Wihtout Fax/Phone Line Protection",97.26,4,0.8,243.16
178,TN-2015-101511,11/21/2015,11,2015,23-11-2015,Second Class,JE-15745,Joel Eaton,India,Chennai,Tamil Nadu,600001,South,FUR-CH-10004698,Furniture,Chairs,"Padded Folding Chairs, Black, 4/Carton",396.8,7,0.3,-11.34
179,AS-2015-101511,11/21/2015,11,2015,23-11-2015,Second Class,JE-15745,Joel Eaton,India,Guwahati,Assam,781001,East,OFF-SU-10002189,Office Supplies,Supplies,Acme Rosewood Handle Letter Opener,15.88,5,0.2,-3.77
180,RJ-2015-137225,12/15/2015,12,2015,19-12-2015,Standard Class,JK-15640,Jim Kriz,India,Jaipur,Rajasthan,302001,North,OFF-AR-10001940,Office Supplies,Art,"Sanford Colorific Eraseable Coloring Pencils, 12 Count",3.28,1,0,1.41
181,AS-2014-166191,5/12/2014,5,2014,9/12/2014,Second Class,DK-13150,David Kendrick,India,Guwahati,Assam,781001,East,OFF-ST-10003455,Office Supplies,Storage,"Tenex File Box, Personal Filing Tote with Lid, Black",24.82,2,0.2,1.86
182,DL-2014-166191,5/12/2014,5,2014,9/12/2014,Second Class,DK-13150,David Kendrick,India,Delhi,Delhi,110001,North,TEC-AC-10004659,Technology,Accessories,ImationĘSecure+ Hardware Encrypted USB 2.0ĘFlash Drive; 16GB,408.74,7,0.2,76.64
183,TS-2014-158274,11/20/2016,11,2016,24-11-2014,Second Class,RM-19675,Robert Marley,India,Hyderabad,Telangana,500001,South,TEC-PH-10003273,Technology,Phones,AT&T TR1909W,503.96,4,0,131.03
184,MH-2014-158274,11/20/2016,11,2016,24-11-2014,Second Class,RM-19675,Robert Marley,India,Pune,Maharashtra,411001,West,TEC-PH-10004896,Technology,Phones,Nokia Lumia 521 (T-Mobile),149.95,5,0,41.99
185,RJ-2014-158274,11/19/2014,11,2014,24-11-2014,Second Class,RM-19675,Robert Marley,India,Jaipur,Rajasthan,302001,North,TEC-AC-10002345,Technology,Accessories,HP Standard 104 key PS/2 Keyboard,29,2,0,7.25
186,MP-2016-105018,11/28/2016,11,2016,42412,Standard Class,SK-19990,Sally Knutson,India,Bhopal,Madhya Pradesh,462001,Central,OFF-BI-10001890,Office Supplies,Binders,Avery Poly Binder Pockets,7.16,2,0,3.44
187,CH-2014-123260,8/26/2014,8,2014,30-08-2014,Standard Class,FM-14290,Frank Merwin,India,Chandigarh,Chandigarh,160001,North,TEC-AC-10002323,Technology,Accessories,SanDisk Ultra 32 GB MicroSDHC Class 10 Memory Card,176.8,8,0,22.98
188,CH-2016-157000,7/16/2016,7,2016,22-07-2016,Standard Class,AM-10360,Alice McCarthy,India,Chandigarh,Chandigarh,160001,North,OFF-ST-10001328,Office Supplies,Storage,"Personal Filing Tote with Lid, Black/Gray",37.22,3,0.2,3.72
189,MH-2016-157000,7/16/2016,7,2016,22-07-2016,Standard Class,AM-10360,Alice McCarthy,India,Mumbai,Maharashtra,400001,West,OFF-PA-10001950,Office Supplies,Paper,Southworth 25% Cotton Antique Laid Paper & Envelopes,20.02,3,0.2,6.26
190,WB-2015-102281,12/10/2015,12,2015,14-10-2015,First Class,MP-17470,Mark Packer,India,Kolkata,West Bengal,700001,East,FUR-BO-10002613,Furniture,Bookcases,"Atlantic Metals Mobile 4-Shelf Bookcases, Custom Colors",899.14,4,0.2,112.39
191,GJ-2015-102281,12/10/2015,12,2015,14-10-2015,First Class,MP-17470,Mark Packer,India,Ahmedabad,Gujarat,380001,West,TEC-PH-10001552,Technology,Phones,I Need's 3d Hello Kitty Hybrid Silicone Case Cover for HTC One X 4g with 3d Hello Kitty Stylus Pen Green/pink,71.76,6,0,20.09
192,UP-2015-102281,12/10/2015,12,2015,14-10-2015,First Class,MP-17470,Mark Packer,India,Lucknow,Uttar Pradesh,226001,North,OFF-PA-10000061,Office Supplies,Paper,Xerox 205,51.84,8,0,24.88
193,RJ-2015-102281,12/10/2015,12,2015,14-10-2015,First Class,MP-17470,Mark Packer,India,Jaipur,Rajasthan,302001,North,FUR-BO-10002545,Furniture,Bookcases,"Atlantic Metals Mobile 3-Shelf Bookcases, Custom Colors",626.35,3,0.2,46.98
194,KL-2015-102281,12/10/2015,12,2015,14-10-2015,First Class,MP-17470,Mark Packer,India,Kochi,Kerala,682001,South,OFF-AR-10003514,Office Supplies,Art,4009 Highlighters by Sanford,19.9,5,0,6.57
195,MH-2015-131457,10/31/2015,10,2015,42166,Standard Class,MZ-17515,Mary Zewe,India,Mumbai,Maharashtra,400001,West,OFF-EN-10001509,Office Supplies,Envelopes,Poly String Tie Envelopes,14.28,7,0,6.71
196,TN-2014-140004,3/21/2014,3,2014,25-03-2014,Standard Class,CB-12025,Cassandra Brandow,India,Chennai,Tamil Nadu,600001,South,OFF-AR-10004685,Office Supplies,Art,"Binney & Smith Crayola Metallic Colored Pencils, 8-Color Set",7.41,2,0.2,1.2
197,UP-2014-140004,3/21/2014,3,2014,25-03-2014,Standard Class,CB-12025,Cassandra Brandow,India,Lucknow,Uttar Pradesh,226001,North,OFF-AR-10004027,Office Supplies,Art,"Binney & Smith inkTank Erasable Desk Highlighter, Chisel Tip, Yellow, 12/Box",6.05,3,0.2,1.59
198,CH-2017-107720,6/11/2017,6,2017,13-11-2017,Standard Class,VM-21685,Valerie Mitchum,India,Chandigarh,Chandigarh,160001,North,OFF-ST-10001414,Office Supplies,Storage,Decoflex Hanging Personal Folder File,46.26,3,0,12.03
199,UP-2017-124303,6/7/2017,6,2017,13-07-2017,Standard Class,FH-14365,Fred Hopkins,India,Lucknow,Uttar Pradesh,226001,North,OFF-BI-10000343,Office Supplies,Binders,"Pressboard Covers with Storage Hooks, 9 1/2"" x 11"", Light Blue",2.95,2,0.7,-2.26
200,UP-2017-124303,6/7/2017,6,2017,13-07-2017,Standard Class,FH-14365,Fred Hopkins,India,Lucknow,Uttar Pradesh,226001,North,OFF-PA-10002749,Office Supplies,Paper,"Wirebound Message Books, 5-1/2 x 4 Forms, 2 or 4 Forms per Page",16.06,3,0.2,5.82
201,UP-2017-105074,6/24/2017,6,2017,29-06-2017,Standard Class,MB-17305,Maria Bertelson,India,Lucknow,Uttar Pradesh,226001,North,OFF-PA-10002666,Office Supplies,Paper,Southworth 25% Cotton Linen-Finish Paper & Envelopes,21.74,3,0.2,6.8
202,KL-2014-133690,3/8/2014,3,2014,5/8/2014,First Class,BS-11755,Bruce Stewart,India,Kochi,Kerala,682001,South,FUR-TA-10004289,Furniture,Tables,BoxOffice By Design Rectangular and Half-Moon Meeting Room Tables,218.75,2,0.5,-161.88
203,RJ-2014-133690,3/8/2014,3,2014,5/8/2014,First Class,BS-11755,Bruce Stewart,India,Jaipur,Rajasthan,302001,North,OFF-AP-10003622,Office Supplies,Appliances,"Bravo II Megaboss 12-Amp Hard Body Upright, Replacement Belts, 2 Belts per Pack",2.6,1,0.2,0.29
204,WB-2017-116701,12/17/2017,12,2017,21-12-2017,Second Class,LC-17140,Logan Currie,India,Kolkata,West Bengal,700001,East,OFF-AP-10003217,Office Supplies,Appliances,Eureka Sanitaire  Commercial Upright,66.28,2,0.8,-178.97
205,GJ-2017-126382,3/6/2017,3,2017,7/6/2017,Standard Class,HK-14890,Heather Kirkland,India,Ahmedabad,Gujarat,380001,West,FUR-FU-10002960,Furniture,Furnishings,"Eldon 200 Class Desk Accessories, Burgundy",35.17,7,0.2,9.67
206,TS-2017-108329,9/12/2017,9,2017,14-12-2017,Standard Class,LE-16810,Laurel Elliston,India,Hyderabad,Telangana,500001,South,TEC-PH-10001918,Technology,Phones,Nortel Business Series Terminal T7208 Digital phone,444.77,4,0.2,44.48
207,GJ-2017-135860,1/12/2017,1,2017,7/12/2017,Standard Class,JH-15985,Joseph Holt,India,Ahmedabad,Gujarat,380001,West,OFF-ST-10000642,Office Supplies,Storage,"Tennsco Lockers, Gray",83.92,4,0,5.87
208,MP-2017-135860,1/12/2017,1,2017,7/12/2017,Standard Class,JH-15985,Joseph Holt,India,Bhopal,Madhya Pradesh,462001,Central,TEC-PH-10001700,Technology,Phones,Panasonic KX-TG6844B Expandable Digital Cordless Telephone,131.98,2,0,35.63
209,GJ-2017-135860,1/12/2017,1,2017,7/12/2017,Standard Class,JH-15985,Joseph Holt,India,Ahmedabad,Gujarat,380001,West,OFF-BI-10003274,Office Supplies,Binders,"Avery Durable Slant Ring Binders, No Labels",15.92,4,0,7.48
210,GJ-2017-135860,1/12/2017,1,2017,7/12/2017,Standard Class,JH-15985,Joseph Holt,India,Ahmedabad,Gujarat,380001,West,OFF-FA-10000134,Office Supplies,Fasteners,"Advantus Push Pins, Aluminum Head",52.29,9,0,16.21
211,WB-2017-135860,1/12/2017,1,2017,7/12/2017,Standard Class,JH-15985,Joseph Holt,India,Kolkata,West Bengal,700001,East,OFF-ST-10001522,Office Supplies,Storage,"Gould Plastics 18-Pocket Panel Bin, 34w x 5-1/4d x 20-1/2h",91.99,1,0,3.68
212,KA-2015-101007,9/2/2015,9,2015,13-02-2015,Second Class,MS-17980,Michael Stewart,India,Bengaluru,Karnataka,560001,South,TEC-AC-10001266,Technology,Accessories,Memorex Micro Travel Drive 8 GB,20.8,2,0.2,6.5
213,MH-2015-146262,2/1/2015,2,2015,9/1/2015,Standard Class,VW-21775,Victoria Wilson,India,Mumbai,Maharashtra,400001,West,OFF-LA-10004544,Office Supplies,Labels,Avery 505,23.68,2,0.2,8.88
214,WB-2015-146262,2/1/2015,2,2015,9/1/2015,Standard Class,VW-21775,Victoria Wilson,India,Kolkata,West Bengal,700001,East,FUR-BO-10004695,Furniture,Bookcases,O'Sullivan 2-Door Barrister Bookcase in Odessa Pine,452.45,5,0.5,244.32
215,WB-2015-146262,2/1/2015,2,2015,9/1/2015,Standard Class,VW-21775,Victoria Wilson,India,Kolkata,West Bengal,700001,East,TEC-PH-10002844,Technology,Phones,Speck Products Candyshell Flip Case,62.98,3,0.4,-14.7
216,WB-2015-146262,2/1/2015,2,2015,9/1/2015,Standard Class,VW-21775,Victoria Wilson,India,Kolkata,West Bengal,700001,East,TEC-MA-10000864,Technology,Machines,Cisco 9971 IP Video Phone Charcoal,1188,9,0.7,950.4
217,TN-2015-146262,2/1/2015,2,2015,9/1/2015,Standard Class,VW-21775,Victoria Wilson,India,Chennai,Tamil Nadu,600001,South,TEC-AC-10000109,Technology,Accessories,Sony Micro Vault Click 16 GB USB 2.0 Flash Drive,89.58,2,0.2,4.48
218,TN-2016-130162,10/28/2016,10,2016,42380,Standard Class,JH-15910,Jonathan Howell,India,Chennai,Tamil Nadu,600001,South,OFF-ST-10001328,Office Supplies,Storage,"Personal Filing Tote with Lid, Black/Gray",93.06,6,0,26.06
219,TN-2016-130162,10/28/2016,10,2016,42380,Standard Class,JH-15910,Jonathan Howell,India,Chennai,Tamil Nadu,600001,South,TEC-PH-10002563,Technology,Phones,Adtran 1202752G1,302.38,3,0.2,22.68
220,BR-2015-169397,12/24/2015,12,2015,27-12-2015,First Class,JB-15925,Joni Blumstein,India,Patna,Bihar,800001,East,OFF-FA-10000585,Office Supplies,Fasteners,OIC Bulk Pack Metal Binder Clips,5.58,2,0.2,1.81
221,TN-2015-169397,12/24/2015,12,2015,27-12-2015,First Class,JB-15925,Joni Blumstein,India,Chennai,Tamil Nadu,600001,South,OFF-PA-10004000,Office Supplies,Paper,"While You Were Out Pads, 50 per Pad, 4 x 5 1/4, Green Cycle",22.7,6,0.2,8.23
222,MH-2015-169397,12/24/2015,12,2015,27-12-2015,First Class,JB-15925,Joni Blumstein,India,Mumbai,Maharashtra,400001,West,OFF-BI-10002852,Office Supplies,Binders,Ibico Standard Transparent Covers,19.78,4,0.7,-13.84
223,TN-2015-169397,12/24/2015,12,2015,27-12-2015,First Class,JB-15925,Joni Blumstein,India,Chennai,Tamil Nadu,600001,South,FUR-FU-10000087,Furniture,Furnishings,"Executive Impressions 14"" Two-Color Numerals Wall Clock",72.7,4,0.2,19.08
224,DL-2015-169397,12/24/2015,12,2015,27-12-2015,First Class,JB-15925,Joni Blumstein,India,Delhi,Delhi,110001,North,TEC-MA-10001148,Technology,Machines,Swingline SM12-08 MicroCut Jam Free Shredder,479.99,4,0.7,383.99
225,TS-2015-169397,12/24/2015,12,2015,27-12-2015,First Class,JB-15925,Joni Blumstein,India,Hyderabad,Telangana,500001,South,OFF-AR-10001958,Office Supplies,Art,Stanley Bostitch Contemporary Electric Pencil Sharpeners,27.17,2,0.2,2.72
226,MP-2015-163055,9/8/2015,9,2015,16-08-2015,Standard Class,DS-13180,David Smith,India,Bhopal,Madhya Pradesh,462001,Central,OFF-AR-10001026,Office Supplies,Art,"Sanford Uni-Blazer View Highlighters, Chisel Tip, Yellow",2.2,1,0,0.97
227,KL-2015-163055,9/8/2015,9,2015,16-08-2015,Standard Class,DS-13180,David Smith,India,Kochi,Kerala,682001,South,FUR-TA-10003748,Furniture,Tables,Bevis 36 x 72 Conference Tables,622.45,5,0,136.94
228,MP-2015-163055,9/8/2015,9,2015,16-08-2015,Standard Class,DS-13180,David Smith,India,Bhopal,Madhya Pradesh,462001,Central,OFF-ST-10002485,Office Supplies,Storage,Rogers Deluxe File Chest,21.98,1,0,0.22
229,MH-2015-145436,2/28/2015,2,2015,42097,Standard Class,VD-21670,Valerie Dominguez,India,Mumbai,Maharashtra,400001,West,FUR-CH-10004860,Furniture,Chairs,Global Low Back Tilter Chair,161.57,2,0.2,-28.27
230,AS-2015-145436,2/28/2015,2,2015,42097,Standard Class,VD-21670,Valerie Dominguez,India,Guwahati,Assam,781001,East,FUR-CH-10004477,Furniture,Chairs,"Global Push Button Manager's Chair, Indigo",389.7,8,0.2,43.84
231,MP-2014-156216,9/13/2014,9,2014,17-09-2014,Standard Class,EA-14035,Erin Ashbrook,India,Bhopal,Madhya Pradesh,462001,Central,OFF-BI-10001679,Office Supplies,Binders,GBC Instant Index System for Binding Systems,18.65,7,0.7,-12.43
232,WB-2017-100930,7/4/2017,7,2017,12/4/2017,Standard Class,CS-12400,Christopher Schild,India,Kolkata,West Bengal,700001,East,FUR-TA-10001705,Furniture,Tables,Bush Advantage Collection Round Conference Table,233.86,2,0.45,102.05
233,KA-2017-100930,7/4/2017,7,2017,12/4/2017,Standard Class,CS-12400,Christopher Schild,India,Bengaluru,Karnataka,560001,South,FUR-TA-10003473,Furniture,Tables,Bretford Rectangular Conference Table Tops,620.61,3,0.45,248.25
234,KL-2017-100930,7/4/2017,7,2017,12/4/2017,Standard Class,CS-12400,Christopher Schild,India,Kochi,Kerala,682001,South,OFF-BI-10001679,Office Supplies,Binders,GBC Instant Index System for Binding Systems,5.33,2,0.7,-3.55
235,MP-2017-100930,7/4/2017,7,2017,12/4/2017,Standard Class,CS-12400,Christopher Schild,India,Bhopal,Madhya Pradesh,462001,Central,FUR-FU-10004017,Furniture,Furnishings,"Tenex Contemporary Contur Chairmats for Low and Medium Pile Carpet, Computer, 39"" x 49""",258.07,3,0.2,0
236,AS-2017-100930,7/4/2017,7,2017,12/4/2017,Standard Class,CS-12400,Christopher Schild,India,Guwahati,Assam,781001,East,TEC-AC-10003832,Technology,Accessories,LogitechĘP710e Mobile Speakerphone,617.98,3,0.2,-7.72
237,GJ-2017-160514,12/11/2017,12,2017,16-11-2017,Standard Class,DB-13120,David Bremer,India,Ahmedabad,Gujarat,380001,West,OFF-PA-10002479,Office Supplies,Paper,Xerox 4200 Series MultiUse Premium Copy Paper (20Lb. and 84 Bright),10.56,2,0,4.75
238,DL-2016-157749,4/6/2016,4,2016,9/6/2016,Second Class,KL-16645,Ken Lonsdale,India,Delhi,Delhi,110001,North,OFF-PA-10003349,Office Supplies,Paper,Xerox 1957,25.92,5,0.2,9.4
239,RJ-2016-157749,4/6/2016,4,2016,9/6/2016,Second Class,KL-16645,Ken Lonsdale,India,Jaipur,Rajasthan,302001,North,FUR-FU-10000576,Furniture,Furnishings,Luxo Professional Fluorescent Magnifier Lamp with Clamp-Mount Base,419.68,5,0.6,356.73
240,UP-2016-157749,4/6/2016,4,2016,9/6/2016,Second Class,KL-16645,Ken Lonsdale,India,Lucknow,Uttar Pradesh,226001,North,FUR-FU-10004351,Furniture,Furnishings,Staple-based wall hangings,11.69,3,0.6,-4.68
241,MH-2016-157749,4/6/2016,4,2016,9/6/2016,Second Class,KL-16645,Ken Lonsdale,India,Mumbai,Maharashtra,400001,West,TEC-PH-10000011,Technology,Phones,PureGear Roll-On Screen Protector,31.98,2,0.2,11.19
242,BR-2016-157749,4/6/2016,4,2016,9/6/2016,Second Class,KL-16645,Ken Lonsdale,India,Patna,Bihar,800001,East,FUR-TA-10002607,Furniture,Tables,KI Conference Tables,177.23,5,0.5,120.51
243,UP-2016-157749,4/6/2016,4,2016,9/6/2016,Second Class,KL-16645,Ken Lonsdale,India,Lucknow,Uttar Pradesh,226001,North,FUR-FU-10002505,Furniture,Furnishings,Eldon 100 Class Desk Accessories,4.04,3,0.6,-2.83
244,WB-2016-157749,4/6/2016,4,2016,9/6/2016,Second Class,KL-16645,Ken Lonsdale,India,Kolkata,West Bengal,700001,East,OFF-AR-10004685,Office Supplies,Art,"Binney & Smith Crayola Metallic Colored Pencils, 8-Color Set",7.41,2,0.2,1.2
245,GJ-2014-131926,1/6/2014,1,2014,6/6/2014,Second Class,DW-13480,Dianna Wilson,India,Ahmedabad,Gujarat,380001,West,FUR-CH-10004063,Furniture,Chairs,Global Deluxe High-Back Manager's Chair,2001.86,7,0,580.54
246,CH-2014-131926,1/6/2014,1,2014,6/6/2014,Second Class,DW-13480,Dianna Wilson,India,Chandigarh,Chandigarh,160001,North,OFF-ST-10002276,Office Supplies,Storage,Safco Steel Mobile File Cart,166.72,2,0,41.68
247,DL-2014-131926,1/6/2014,1,2014,6/6/2014,Second Class,DW-13480,Dianna Wilson,India,Delhi,Delhi,110001,North,OFF-PA-10004082,Office Supplies,Paper,"Adams Telephone Message Book w/Frequently-Called Numbers Space, 400 Messages per Book",47.88,6,0,23.94
248,TN-2014-131926,1/6/2014,1,2014,6/6/2014,Second Class,DW-13480,Dianna Wilson,India,Chennai,Tamil Nadu,600001,South,OFF-AP-10002945,Office Supplies,Appliances,Honeywell Enviracaire Portable HEPA Air Cleaner for 17' x 22' Room,1503.25,5,0,496.07
249,TS-2014-131926,1/6/2014,1,2014,6/6/2014,Second Class,DW-13480,Dianna Wilson,India,Hyderabad,Telangana,500001,South,OFF-PA-10000061,Office Supplies,Paper,Xerox 205,25.92,4,0,12.44
